{
    "name": "kitenetwithsk_2500",
    "experim_name": "Experiments/kitenetwithsk",
    "model": "kitenetwithsk",
    "N_modules": 4,
    "train_dataset": "hico_dataset",
    "is_DHP_MS": true,
    "train_batch_size": 4,
    "val_batch_size": 1,
    "num_workers": 4,
    "HF_loss": false,
    "HF_apha": 10.0,
    "loss_type": "L1",

    "optimizer": {
        "type": "ADAM",
        "args":{
            "lr": 1e-3,
            "weight_decay": 1e-4,
            "momentum": 0.9
        },
        "step_size": 1000,
        "gamma": 0.1
    },

    "trainer": {
        "total_epochs": 2500,
        "is_small_patch_train": false,
        "patch_size": 85,
        "iter_size": 1,
        "test_freq": 5
    },

    "hico_dataset": {
        "data_dir": "/home/kimado/master/DIP-HyperKite/datasets/hico",
        "spectral_bands": 87,
        "LR_size": 170,
        "HR_size": 170,
        "augmentation": false,
        "max_value": {"edge_image.nc" : 2.481599807739258,
            "H2009349090039.L1B_ISS.nc": 3.4243998527526855,
            "H2009339143952.L1B_ISS.nc": 4.126399517059326,
            "H2009336071540.L1B_ISS.nc": 1.2831999063491821,
            "H2009322052444.L1B_ISS.nc": 2.282399892807007,
            "H2009317202215.L1B_ISS.nc": 3.435199737548828,
            "H2009294141216.L1B_ISS.nc": 2.8055999279022217,
            "H2009294063909.L1B_ISS.nc": 4.286399841308594,
            "H2009293152420.L1B_ISS.nc": 4.52679967880249,
            "H2010346033159.L1B_ISS.nc": 1.4199999570846558,
            "H2010339004143.L1B_ISS.nc": 2.440000057220459,
            "H2010339155831.L1B_ISS.nc": 4.459199905395508,
            "H2010338153839.L1B_ISS.nc": 3.627999782562256,
            "H2010338015025.L1B_ISS.nc": 5.27239990234375,
            "H2010317173241.L1B_ISS.nc": 2.2259998321533203,
            "H2010314191813.L1B_ISS.nc": 3.1479997634887695,
            "H2010305110220.L1B_ISS.nc": 2.0595998764038086,
            "H2010303222716.L1B_ISS.nc": 1.7039998769760132,
            "H2010292231952.L1B_ISS.nc": 2.9031999111175537,
            "H2010267105548.L1B_ISS.nc": 1.8915998935699463,
            "H2010264135857.L1B_ISS.nc": 4.235199928283691,
            "H2010261172157.L1B_ISS.nc": 2.3167998790740967,
            "H2010234233033.L1B_ISS.nc": 2.648399829864502,
            "H2010212012632.L1B_ISS.nc": 3.3559999465942383,
            "H2010192142321.L1B_ISS.nc": 5.614799499511719,
            "H2010165063512.L1B_ISS.nc": 1.9583998918533325,
            "H2010165141902.L1B_ISS.nc": 3.5927999019622803,
            "H2010154045937.L1B_ISS.nc": 1.5299999713897705,
            "H2010134001051.L1B_ISS.nc": 2.5311999320983887,
            "H2010125225558.L1B_ISS.nc": 1.88919997215271,
            "H2010100074435.L1B_ISS.nc": 4.781599998474121,
            "H2010096080237.L1B_ISS.nc": 7.193599700927734,
            "H2010091194053.L1B_ISS.nc": 26.213998794555664,
            "H2010087010406.L1B_ISS.nc": 1.8919999599456787,
            "H2010085152827.L1B_ISS.nc": 2.175999879837036,
            "H2010026150016.L1B_ISS.nc": 2.6415998935699463,
            "H2010343052149.L1B_ISS.nc": 1.587999939918518,
            "H2010328113612.L1B_ISS.nc": 2.2119998931884766,
            "H2010321173346.L1B_ISS.nc": 2.3715999126434326,
            "H2010321143005.L1B_ISS.nc": 1.939599871635437,
            "H2010317190040.L1B_ISS.nc": 2.7595999240875244,
            "H2010310100256.L1B_ISS.nc": 8.960399627685547,
            "H2010302124827.L1B_ISS.nc": 2.4467997550964355,
            "H2010288171415.L1B_ISS.nc": 5.560399532318115,
            "H2010275155127.L1B_ISS.nc": 3.7047996520996094,
            "H2010267153624.L1B_ISS.nc": 8.840799331665039,
            "H2010264202355.L1B_ISS.nc": 1.9780000448226929,
            "H2010247155930.L1B_ISS.nc": 5.844799518585205,
            "H2010207051657.L1B_ISS.nc": 4.233599662780762,
            "H2010183012904.L1B_ISS.nc": 1.4727998971939087,
            "H2010169051715.L1B_ISS.nc": 2.2871999740600586,
            "H2010122013110.L1B_ISS.nc": 2.575199842453003,
            "H2010121132455.L1B_ISS.nc": 4.067999839782715,
            "H2010104135024.L1B_ISS.nc": 3.486799955368042,
            "H2010093112120.L1B_ISS.nc": 4.447199821472168,
            "H2010087161546.L1B_ISS.nc": 2.587599754333496
                },
        "factor": 1,
        "optimal_lambda": 0.8,
        "loss_type": "L1",
        "Normalized_L1": false,
        "VGG_Loss": false,
        "Transfer_Periferal_Loss": false,
        "VGG_Loss_F": 0.1,
        "Transfer_Periferal_Loss_F": 0.01,
        "R": 33,
        "G": 18,
        "B": 2,
        "Spatial_Loss": false,
        "Spatial_Loss_F": 1.0,
        "multi_scale_loss": false,
        "multi_scale_loss_F": 0.2
    }
}
